{
    "splines": [
        {
            "controlPoints": [
                {
                    "position": {
                        "x": 0.0,
                        "y": 8.0,
                        "z": 0.04999999701976776
                    },
                    "handleL": {
                        "x": 0.0,
                        "y": 7.0,
                        "z": 0.04999999701976776
                    },
                    "handleR": {
                        "x": 0.0,
                        "y": 9.0,
                        "z": 0.04999999701976776
                    },
                    "tilt": 0.0
                },
                {
                    "position": {
                        "x": -1.9073486328125e-06,
                        "y": 30.0,
                        "z": 0.04999999701976776
                    },
                    "handleL": {
                        "x": -1.9073486328125e-06,
                        "y": 29.0,
                        "z": 0.04999999701976776
                    },
                    "handleR": {
                        "x": -1.9073486328125e-06,
                        "y": 31.0,
                        "z": 0.04999999701976776
                    },
                    "tilt": 0.0
                }
            ],
            "closed": false
        }
    ]
}