{
    "splines": [
        {
            "controlPoints": [
                {
                    "position": {
                        "x": 21.5,
                        "y": 35.5,
                        "z": 0.04999999701976776
                    },
                    "handleL": {
                        "x": 20.5,
                        "y": 35.5,
                        "z": 0.04999999701976776
                    },
                    "handleR": {
                        "x": 27.0,
                        "y": 35.5,
                        "z": 0.04999999701976776
                    },
                    "tilt": 0.0
                },
                {
                    "position": {
                        "x": 27.0,
                        "y": 30.000003814697266,
                        "z": 0.04999999701976776
                    },
                    "handleL": {
                        "x": 27.0,
                        "y": 31.000003814697266,
                        "z": 0.04999999701976776
                    },
                    "handleR": {
                        "x": 27.0,
                        "y": 24.500003814697266,
                        "z": 0.04999999701976776
                    },
                    "tilt": 0.0
                },
                {
                    "position": {
                        "x": 21.5,
                        "y": 24.500003814697266,
                        "z": 0.04999999701976776
                    },
                    "handleL": {
                        "x": 22.5,
                        "y": 24.500003814697266,
                        "z": 0.04999999701976776
                    },
                    "handleR": {
                        "x": 16.0,
                        "y": 24.500003814697266,
                        "z": 0.04999999701976776
                    },
                    "tilt": 0.0
                },
                {
                    "position": {
                        "x": 16.0,
                        "y": 30.000003814697266,
                        "z": 0.04999999701976776
                    },
                    "handleL": {
                        "x": 16.0,
                        "y": 29.000003814697266,
                        "z": 0.04999999701976776
                    },
                    "handleR": {
                        "x": 16.0,
                        "y": 35.500003814697266,
                        "z": 0.04999999701976776
                    },
                    "tilt": 0.0
                }
            ],
            "closed": true
        }
    ]
}