{
    "splines": [
        {
            "controlPoints": [
                {
                    "position": {
                        "x": 43.0,
                        "y": 8.5,
                        "z": 0.04999999701976776
                    },
                    "handleL": {
                        "x": 43.0,
                        "y": 9.5,
                        "z": 0.04999999701976776
                    },
                    "handleR": {
                        "x": 43.0,
                        "y": 7.5,
                        "z": 0.04999999701976776
                    },
                    "tilt": 0.0
                },
                {
                    "position": {
                        "x": 43.0,
                        "y": -1.5,
                        "z": 0.04999999701976776
                    },
                    "handleL": {
                        "x": 43.0,
                        "y": -0.5,
                        "z": 0.04999999701976776
                    },
                    "handleR": {
                        "x": 43.0,
                        "y": -6.499980926513672,
                        "z": 0.04999999701976776
                    },
                    "tilt": 0.0
                },
                {
                    "position": {
                        "x": 38.0,
                        "y": -6.5,
                        "z": 0.04999999701976776
                    },
                    "handleL": {
                        "x": 39.0,
                        "y": -6.5,
                        "z": 0.04999999701976776
                    },
                    "handleR": {
                        "x": 37.000003814697266,
                        "y": -6.5,
                        "z": 0.04999999701976776
                    },
                    "tilt": 0.0
                },
                {
                    "position": {
                        "x": 28.0,
                        "y": -6.5,
                        "z": 0.04999999701976776
                    },
                    "handleL": {
                        "x": 29.0,
                        "y": -6.5,
                        "z": 0.04999999701976776
                    },
                    "handleR": {
                        "x": 27.000003814697266,
                        "y": -6.5,
                        "z": 0.04999999701976776
                    },
                    "tilt": 0.0
                }
            ],
            "closed": false
        }
    ]
}