{
    "splines": [
        {
            "controlPoints": [
                {
                    "position": {
                        "x": 21.5,
                        "y": 18.5,
                        "z": 0.04999999701976776
                    },
                    "handleL": {
                        "x": 20.5,
                        "y": 18.5,
                        "z": 0.04999999701976776
                    },
                    "handleR": {
                        "x": 22.5,
                        "y": 18.5,
                        "z": 0.04999999701976776
                    },
                    "tilt": 0.0
                },
                {
                    "position": {
                        "x": 36.5,
                        "y": 18.5,
                        "z": 0.04999999701976776
                    },
                    "handleL": {
                        "x": 35.5,
                        "y": 18.5,
                        "z": 0.04999999701976776
                    },
                    "handleR": {
                        "x": 41.5,
                        "y": 18.5,
                        "z": 0.04999999701976776
                    },
                    "tilt": 0.0
                },
                {
                    "position": {
                        "x": 41.5,
                        "y": 13.5,
                        "z": 0.04999999701976776
                    },
                    "handleL": {
                        "x": 41.5,
                        "y": 14.5,
                        "z": 0.04999999701976776
                    },
                    "handleR": {
                        "x": 41.5,
                        "y": 12.5,
                        "z": 0.04999999701976776
                    },
                    "tilt": 0.0
                },
                {
                    "position": {
                        "x": 41.5,
                        "y": 3.5,
                        "z": 0.04999999701976776
                    },
                    "handleL": {
                        "x": 41.5,
                        "y": 4.5,
                        "z": 0.04999999701976776
                    },
                    "handleR": {
                        "x": 41.5,
                        "y": 2.5,
                        "z": 0.04999999701976776
                    },
                    "tilt": 0.0
                }
            ],
            "closed": false
        }
    ]
}