{
    "splines": [
        {
            "controlPoints": [
                {
                    "position": {
                        "x": 11.5,
                        "y": 30.0,
                        "z": 0.04999999701976776
                    },
                    "handleL": {
                        "x": 11.5,
                        "y": 31.0,
                        "z": 0.04999999701976776
                    },
                    "handleR": {
                        "x": 11.5,
                        "y": 20.0,
                        "z": 0.04999999701976776
                    },
                    "tilt": 0.0
                },
                {
                    "position": {
                        "x": 21.5,
                        "y": 20.0,
                        "z": 0.04999999701976776
                    },
                    "handleL": {
                        "x": 20.5,
                        "y": 20.0,
                        "z": 0.04999999701976776
                    },
                    "handleR": {
                        "x": 22.5,
                        "y": 20.0,
                        "z": 0.04999999701976776
                    },
                    "tilt": 0.0
                },
                {
                    "position": {
                        "x": 31.5,
                        "y": 20.0,
                        "z": 0.04999999701976776
                    },
                    "handleL": {
                        "x": 30.5,
                        "y": 20.0,
                        "z": 0.04999999701976776
                    },
                    "handleR": {
                        "x": 32.5,
                        "y": 20.0,
                        "z": 0.04999999701976776
                    },
                    "tilt": 0.0
                }
            ],
            "closed": false
        }
    ]
}