{
    "splines": [
        {
            "controlPoints": [
                {
                    "position": {
                        "x": 58.0,
                        "y": -9.5,
                        "z": 0.04999999701976776
                    },
                    "handleL": {
                        "x": 59.0,
                        "y": -9.5,
                        "z": 0.04999999701976776
                    },
                    "handleR": {
                        "x": 57.000003814697266,
                        "y": -9.5,
                        "z": 0.04999999701976776
                    },
                    "tilt": 0.0
                },
                {
                    "position": {
                        "x": 43.0,
                        "y": -9.5,
                        "z": 0.04999999701976776
                    },
                    "handleL": {
                        "x": 44.0,
                        "y": -9.5,
                        "z": 0.04999999701976776
                    },
                    "handleR": {
                        "x": 38.00001907348633,
                        "y": -9.5,
                        "z": 0.04999999701976776
                    },
                    "tilt": 0.0
                },
                {
                    "position": {
                        "x": 38.0,
                        "y": -14.5,
                        "z": 0.04999999701976776
                    },
                    "handleL": {
                        "x": 38.0,
                        "y": -13.5,
                        "z": 0.04999999701976776
                    },
                    "handleR": {
                        "x": 38.0,
                        "y": -19.499980926513672,
                        "z": 0.04999999701976776
                    },
                    "tilt": 0.0
                },
                {
                    "position": {
                        "x": 33.0,
                        "y": -19.5,
                        "z": 0.04999999701976776
                    },
                    "handleL": {
                        "x": 34.0,
                        "y": -19.5,
                        "z": 0.04999999701976776
                    },
                    "handleR": {
                        "x": 32.000003814697266,
                        "y": -19.5,
                        "z": 0.04999999701976776
                    },
                    "tilt": 0.0
                },
                {
                    "position": {
                        "x": 9.5,
                        "y": -19.5,
                        "z": 0.04999999701976776
                    },
                    "handleL": {
                        "x": 10.5,
                        "y": -19.5,
                        "z": 0.04999999701976776
                    },
                    "handleR": {
                        "x": 3.62396240234375e-05,
                        "y": -19.5,
                        "z": 0.04999999701976776
                    },
                    "tilt": 0.0
                },
                {
                    "position": {
                        "x": 0.0,
                        "y": -10.0,
                        "z": 0.04999999701976776
                    },
                    "handleL": {
                        "x": 0.0,
                        "y": -11.0,
                        "z": 0.04999999701976776
                    },
                    "handleR": {
                        "x": 0.0,
                        "y": -9.000003814697266,
                        "z": 0.04999999701976776
                    },
                    "tilt": 0.0
                }
            ],
            "closed": false
        }
    ]
}