{
    "splines": [
        {
            "controlPoints": [
                {
                    "position": {
                        "x": 48.0,
                        "y": -6.499999046325684,
                        "z": 0.04999999701976776
                    },
                    "handleL": {
                        "x": 47.0,
                        "y": -6.499999046325684,
                        "z": 0.04999999701976776
                    },
                    "handleR": {
                        "x": 49.0,
                        "y": -6.499999046325684,
                        "z": 0.04999999701976776
                    },
                    "tilt": 0.0
                },
                {
                    "position": {
                        "x": 58.0,
                        "y": -6.499999046325684,
                        "z": 0.04999999701976776
                    },
                    "handleL": {
                        "x": 57.0,
                        "y": -6.499999046325684,
                        "z": 0.04999999701976776
                    },
                    "handleR": {
                        "x": 58.999000549316406,
                        "y": -6.499999046325684,
                        "z": 0.04999999701976776
                    },
                    "tilt": 0.0
                },
                {
                    "position": {
                        "x": 58.0,
                        "y": -7.999999046325684,
                        "z": 0.04999999701976776
                    },
                    "handleL": {
                        "x": 58.999000549316406,
                        "y": -7.999999046325684,
                        "z": 0.04999999701976776
                    },
                    "handleR": {
                        "x": 57.0,
                        "y": -7.999999046325684,
                        "z": 0.04999999701976776
                    },
                    "tilt": 0.0
                },
                {
                    "position": {
                        "x": 18.0,
                        "y": -8.0,
                        "z": 0.04999999701976776
                    },
                    "handleL": {
                        "x": 19.0,
                        "y": -8.0,
                        "z": 0.04999999701976776
                    },
                    "handleR": {
                        "x": 17.000999450683594,
                        "y": -8.0,
                        "z": 0.04999999701976776
                    },
                    "tilt": 0.0
                },
                {
                    "position": {
                        "x": 18.0,
                        "y": -9.5,
                        "z": 0.04999999701976776
                    },
                    "handleL": {
                        "x": 17.00100326538086,
                        "y": -9.5,
                        "z": 0.04999999701976776
                    },
                    "handleR": {
                        "x": 18.999996185302734,
                        "y": -9.5,
                        "z": 0.04999999701976776
                    },
                    "tilt": 0.0
                },
                {
                    "position": {
                        "x": 28.0,
                        "y": -9.5,
                        "z": 0.04999999701976776
                    },
                    "handleL": {
                        "x": 27.0,
                        "y": -9.5,
                        "z": 0.04999999701976776
                    },
                    "handleR": {
                        "x": 28.999996185302734,
                        "y": -9.5,
                        "z": 0.04999999701976776
                    },
                    "tilt": 0.0
                }
            ],
            "closed": false
        }
    ]
}