{
    "splines": [
        {
            "controlPoints": [
                {
                    "position": {
                        "x": 1.5,
                        "y": 25.0,
                        "z": 0.04999999701976776
                    },
                    "handleL": {
                        "x": 1.5,
                        "y": 24.0,
                        "z": 0.04999999701976776
                    },
                    "handleR": {
                        "x": 1.5,
                        "y": 26.0,
                        "z": 0.04999999701976776
                    },
                    "tilt": 0.0
                },
                {
                    "position": {
                        "x": 1.4999980926513672,
                        "y": 35.0,
                        "z": 0.04999999701976776
                    },
                    "handleL": {
                        "x": 1.4999980926513672,
                        "y": 34.0,
                        "z": 0.04999999701976776
                    },
                    "handleR": {
                        "x": 1.4999980926513672,
                        "y": 40.0,
                        "z": 0.04999999701976776
                    },
                    "tilt": 0.0
                },
                {
                    "position": {
                        "x": 6.499998092651367,
                        "y": 40.0,
                        "z": 0.04999999701976776
                    },
                    "handleL": {
                        "x": 5.499998092651367,
                        "y": 40.0,
                        "z": 0.04999999701976776
                    },
                    "handleR": {
                        "x": 7.499998092651367,
                        "y": 40.0,
                        "z": 0.04999999701976776
                    },
                    "tilt": 0.0
                },
                {
                    "position": {
                        "x": 21.499998092651367,
                        "y": 40.0,
                        "z": 0.04999999701976776
                    },
                    "handleL": {
                        "x": 20.499998092651367,
                        "y": 40.0,
                        "z": 0.04999999701976776
                    },
                    "handleR": {
                        "x": 31.499998092651367,
                        "y": 40.0,
                        "z": 0.04999999701976776
                    },
                    "tilt": 0.0
                },
                {
                    "position": {
                        "x": 31.499998092651367,
                        "y": 30.0,
                        "z": 0.04999999701976776
                    },
                    "handleL": {
                        "x": 31.499998092651367,
                        "y": 31.0,
                        "z": 0.04999999701976776
                    },
                    "handleR": {
                        "x": 31.499998092651367,
                        "y": 29.0,
                        "z": 0.04999999701976776
                    },
                    "tilt": 0.0
                }
            ],
            "closed": false
        }
    ]
}